Season,Team,Tempo,RankTempo,AdjTempo,RankAdjTempo,OE,RankOE,AdjOE,RankAdjOE,DE,RankDE,AdjDE,RankAdjDE,AdjEM,RankAdjEM
2019,Abilene Christian,66.7188,294,65.9722,265,106.183,108,103.78,179,98.4969,70,103.169,151,0.611397,157
2019,Air Force,67.4033,271,66.7784,222,97.7629,293,99.1015,272,104.341,208,105.614,212,-6.5122,239
2019,Akron,68.1497,236,65.836,274,100.358,240,100.173,248,93.3436,10,92.9989,19,7.17385,97
2019,Alabama,70.0862,130,68.9208,112,104.351,148,109.487,66,102.148,155,97.4202,61,12.067,56
2019,Alabama A&M,67.6896,254,65.8979,270,88.9851,347,86.8366,350,105.099,227,109.07,273,-22.2336,344
2019,Alabama St.,68.0846,238,67.0685,211,95.3853,315,94.9574,314,104.223,205,108.488,256,-13.5308,314
2019,Albany,66.7573,292,66.2135,250,98.5282,284,97.1409,294,103.211,179,107.962,251,-10.8211,288
2019,Alcorn St.,66.8121,288,65.4032,295,89.6856,343,89.6218,344,106.086,251,112.304,325,-22.6823,345
2019,American,67.8294,250,66.5357,234,104.394,145,101.458,221,100.451,120,105.048,195,-3.59035,204
2019,Appalachian St.,73.3716,25,71.6358,27,104.097,154,106.091,136,110.591,320,110.032,292,-3.94123,209
2019,Arizona,68.5378,210,66.5398,233,104.247,150,106.142,135,98.9788,76,97.0184,55,9.12365,74
2019,Arizona St.,72.6335,43,71.0642,41,106.229,106,108.362,91,99.5644,90,98.0087,67,10.3536,66
2019,Arkansas,72.7852,35,71.0061,44,103.065,178,108.387,90,100.553,121,97.4681,62,10.9192,62
2019,Arkansas Pine Bluff,67.4306,270,65.89,272,94.4164,323,94.8157,317,106.122,254,109.719,284,-14.9037,324
2019,Arkansas St.,70.2017,124,69.1163,104,100.722,230,101.306,224,109.538,306,109.167,275,-7.86107,257
2019,Army,71.2397,77,69.8147,69,99.2462,261,96.624,300,102.756,168,103.972,170,-7.34755,249
2019,Auburn,69.8697,140,68.3012,143,112.721,20,117.301,14,97.7233,61,95.8524,41,21.4488,16
2019,Austin Peay,71.3081,73,69.1112,105,111.083,35,109.311,71,102.528,163,105.409,208,3.90194,130
2019,Ball St.,72.0879,51,70.4537,56,103.441,170,103.5,185,99.6144,91,98.9815,87,4.51865,123
2019,Baylor,66.3831,306,64.8178,316,108.98,55,114.9,20,99.4206,85,98.2303,69,16.6695,35
2019,Belmont,74.6966,13,71.7113,26,117.044,5,115.487,18,99.6567,92,102.669,139,12.8181,50
2019,Bethune Cookman,73.113,30,71.5574,32,97.7784,292,94.7064,318,100.384,115,104.971,193,-10.2644,284
2019,Binghamton,67.1056,279,65.8816,273,93.0886,328,93.5858,327,107.85,282,111.561,313,-17.9748,336
2019,Boise St.,66.8742,286,66.1701,252,105.501,123,105.809,139,102.323,160,103.9,168,1.90851,146
2019,Boston College,68.5716,208,67.8276,164,103.001,179,107.795,104,103.605,188,100.96,117,6.83493,99
2019,Boston University,67.9619,242,66.6,228,105.122,132,103.505,184,106.522,262,108.881,268,-5.37652,227
2019,Bowling Green,72.3662,45,70.221,66,107.106,85,107.524,109,99.9906,100,100.797,115,6.72632,101
2019,Bradley,66.4517,303,65.382,296,100.627,233,100.498,243,98.5356,73,101.072,120,-0.573909,171
2019,Brown,72.1415,48,70.6292,51,99.3641,259,99.3493,268,95.3227,31,97.4872,63,1.86216,148
2019,Bryant,69.3147,163,67.7997,166,101.363,215,99.874,259,111.212,328,115.218,346,-15.3442,326
2019,Bucknell,71.1563,79,70.4911,54,106.538,101,105.321,148,102.486,162,103.436,160,1.88503,147
2019,Buffalo,74.8768,10,74.4327,7,113.103,18,114.596,22,94.22,19,94.0665,28,20.529,19
2019,Butler,67.1721,276,65.7946,279,108.139,69,111.713,40,103.143,178,99.6501,95,12.0632,57
2019,BYU,71.6851,63,70.5164,53,109.564,48,112.334,36,104.63,215,103.626,164,8.70779,77
2019,Cal Baptist,69.7061,147,68.6382,128,107.967,71,106.659,125,106.105,253,109.884,288,-3.22451,200
2019,Cal Poly,65.5194,328,64.9337,312,95.536,312,95.4085,312,109.369,305,112.025,322,-16.6163,334
2019,Cal St. Bakersfield,67.5152,265,65.412,294,103.772,162,103.425,188,105.989,249,107.882,249,-4.45667,215
2019,Cal St. Fullerton,70.7501,90,70.794,49,98.6521,281,99.1253,271,99.9275,96,100.591,113,-1.46617,181
2019,Cal St. Northridge,71.76,59,70.2355,65,105.187,130,104.378,171,109.778,311,113.437,336,-9.05984,270
2019,California,68.2976,226,66.5062,235,100.81,229,104.592,165,114.902,346,113.075,332,-8.48338,264
2019,Campbell,67.6166,259,66.0137,263,109.097,53,106.895,117,106.822,266,108.612,259,-1.71675,184
2019,Canisius,68.9769,185,67.6817,174,102.006,200,101.864,214,107.894,284,111.311,309,-9.44791,277
2019,Central Arkansas,72.6301,44,71.2657,36,96.8037,304,98.1756,279,107.66,277,111.157,306,-12.9816,309
2019,Central Connecticut,70.2234,121,69.2494,96,98.7278,278,97.6898,285,109.077,302,111.749,318,-14.059,317
2019,Central Michigan,72.6973,40,71.1807,38,107.721,75,109.209,74,101.936,150,103.801,167,5.40781,113
2019,Charleston,66.0461,317,65.5585,286,111.689,28,109.375,69,103.469,185,104.33,177,5.04484,117
2019,Charleston Southern,70.5422,95,69.6457,75,103.981,159,102.421,208,102.051,152,103.712,165,-1.29109,179
2019,Charlotte,65.6726,324,64.3795,326,91.3916,337,93.5486,328,104.71,217,105.491,209,-11.9429,302
2019,Chattanooga,68.8689,188,66.2034,251,101.188,221,101.967,211,110.847,323,110.024,291,-8.05667,261
2019,Chicago St.,71.0282,83,69.7026,73,85.0977,352,91.52,337,120.502,353,118.689,353,-27.1686,351
2019,Cincinnati,64.9698,337,63.1187,345,110.038,42,110.689,51,93.4003,11,93.1243,21,17.5644,30
2019,Clemson,67.3929,272,66.0674,259,102.905,182,108.62,85,94.4614,22,91.2314,11,17.3881,31
2019,Cleveland St.,71.3715,71,69.3183,92,101.896,203,100.681,238,111.684,333,111.562,314,-10.8814,289
2019,Coastal Carolina,70.5372,96,69.0331,107,105.407,126,105.013,156,103.599,187,104.105,172,0.908119,154
2019,Colgate,67.2622,275,66.2164,249,109.517,49,109.397,68,102.629,165,105.403,207,3.99355,129
2019,Colorado,69.8751,139,67.9491,157,105.752,117,106.77,119,98.0612,63,97.595,64,9.17467,73
2019,Colorado St.,69.4306,159,67.534,180,107.818,74,108.554,87,108.596,290,108.722,263,-0.16811,167
2019,Columbia,68.5608,209,67.1389,205,99.3981,258,99.685,260,105.285,233,106.481,222,-6.7956,244
2019,Connecticut,70.2333,119,69.3057,93,106.129,110,107.713,105,100.708,125,100.479,110,7.23466,94
2019,Coppin St.,71.7133,60,70.4277,57,87.7969,348,87.0386,349,106.243,257,108.989,272,-21.9507,343
2019,Cornell,68.3147,225,67.5069,182,98.8195,273,99.9617,255,104.664,216,105.191,199,-5.22883,223
2019,Creighton,70.2632,117,68.5371,132,110.116,41,114.058,26,105.756,240,101.247,122,12.8108,51
2019,Dartmouth,67.135,277,65.4348,291,105.38,127,106.22,132,107.372,272,108.921,269,-2.70128,193
2019,Davidson,66.0688,315,64.6676,320,106.624,97,108.162,96,99.9856,99,99.9724,102,8.18983,84
2019,Dayton,66.4337,304,64.9325,313,109.642,45,112.351,35,99.4868,86,100.71,114,11.6415,59
2019,Delaware,64.0546,347,63.41,336,106.179,109,103.618,183,110.147,314,111.955,320,-8.33699,263
2019,Delaware St.,71.7849,58,69.3638,89,85.1368,351,85.0286,351,109.918,312,114.496,340,-29.4673,352
2019,Denver,68.6785,197,67.1146,207,99.1604,263,99.5241,264,111.725,335,112.301,324,-12.7765,308
2019,DePaul,70.4563,100,69.2037,99,106.573,99,108.815,79,105.139,230,104.008,171,4.80774,120
2019,Detroit,70.025,133,68.4223,135,104.413,143,105.278,149,112.539,341,111.452,312,-6.17446,234
2019,Drake,69.3436,162,69.4487,87,105.514,122,106.688,124,101.46,142,103.345,157,3.34276,137
2019,Drexel,69.6375,150,69.2317,97,108.277,66,106.216,133,112.278,339,112.607,328,-6.39127,236
2019,Duke,73.7986,18,72.7835,16,114.974,8,122.262,2,91.1885,7,88.6782,5,33.5835,3
2019,Duquesne,70.1736,126,69.3298,91,102.514,188,103.309,193,99.8105,95,103.354,158,-0.0450179,165
2019,East Carolina,70.3611,108,68.5915,129,94.5623,321,96.6202,301,103.013,173,105.389,204,-8.76873,268
2019,East Tennessee St.,69.369,160,66.7043,226,110.824,37,109.59,63,99.4089,84,98.8342,81,10.756,64
2019,Eastern Illinois,69.248,171,67.1018,208,101.195,220,100.163,251,110.99,325,111.699,316,-11.5362,299
2019,Eastern Kentucky,79.1871,2,77.1549,2,98.8337,272,98.6697,276,104.834,221,105.309,202,-6.63895,241
2019,Eastern Michigan,65.7794,322,63.3168,339,99.4097,256,103.451,187,105.539,236,102.771,143,0.679831,156
2019,Eastern Washington,69.2855,167,67.8728,161,99.6215,251,99.1961,270,107.067,268,108.414,255,-9.21777,273
2019,Elon,68.3364,224,67.8672,162,98.9573,269,96.6759,298,111.609,332,110.331,294,-13.6554,315
2019,Evansville,70.4588,99,69.5152,84,97.6151,294,99.5529,263,103.713,194,104.883,191,-5.32989,226
2019,Fairfield,68.8634,190,68.3148,142,98.7978,275,96.5062,302,103.77,195,107.871,248,-11.3652,295
2019,Fairleigh Dickinson,68.494,213,67.4195,189,106.746,94,105.023,155,106.135,255,111.257,308,-6.23418,235
2019,FIU,79.95,1,78.307,1,99.7487,248,101.771,215,102.66,166,105.15,196,-3.37854,203
2019,Florida,65.5994,327,63.5294,333,104.049,156,109.525,64,95.543,34,90.8143,10,18.7108,28
2019,Florida A&M,67.0263,282,64.4784,323,92.2443,334,90.0702,343,100.2,107,104.383,178,-14.3129,320
2019,Florida Atlantic,70.3027,114,67.9483,158,98.758,276,99.6148,261,96.8089,49,98.4323,73,1.18252,153
2019,Florida Gulf Coast,70.7143,91,68.1205,147,98.7234,279,100.047,254,104.343,209,104.526,182,-4.47818,216
2019,Florida St.,70.3328,111,69.1625,103,107.31,80,112.864,32,95.5043,33,92.0484,14,20.8154,17
2019,Fordham,66.2196,312,65.2084,301,98.5473,283,97.919,283,100.977,133,105.182,197,-7.26261,248
2019,Fresno St.,69.1143,180,67.5952,179,108.2,68,107.664,106,96.7569,48,97.9578,66,9.70573,68
2019,Furman,68.4687,215,66.9374,215,109.574,46,108.024,100,96.1598,40,95.8812,42,12.143,55
2019,Gardner Webb,68.9874,184,67.4676,185,107.279,82,105.716,142,105.822,242,108.935,270,-3.21934,199
2019,George Mason,68.6761,198,68.101,148,103.522,166,104.666,163,100.332,111,102.492,138,2.17451,144
2019,George Washington,67.9459,243,67.6789,175,93.0566,329,95.765,308,105.171,232,106.05,218,-10.2852,285
2019,Georgetown,73.4853,23,72.3524,20,107.654,77,110.447,53,103.899,200,101.88,132,8.56755,80
2019,Georgia,71.2607,75,68.5893,130,103.315,174,108.766,81,106.184,256,103.158,150,5.60799,111
2019,Georgia Southern,74.81,11,73.6694,12,107.275,83,108.749,82,102.294,159,101.554,126,7.19439,96
2019,Georgia St.,70.8402,89,69.7504,72,106.891,91,107.586,107,104.483,213,103.752,166,3.8338,133
2019,Georgia Tech,68.7435,193,67.4294,188,93.8757,326,99.5007,265,96.4737,43,94.245,30,5.25564,115
2019,Gonzaga,72.1025,50,70.2729,63,125.577,1,127.79,1,90.3648,6,93.3367,24,34.4533,2
2019,Grambling St.,71.0683,82,70.1872,67,94.7906,319,93.4122,329,97.045,51,102.718,141,-9.30572,276
2019,Grand Canyon,69.0557,183,66.7249,225,108.815,59,108.533,88,96.9275,50,99.8914,101,8.64186,78
2019,Green Bay,75.9504,7,74.0325,9,103.477,169,102.482,206,107.55,274,106.124,219,-3.64226,205
2019,Hampton,71.9016,56,71.0047,45,108.031,70,106.715,123,107.158,270,109.362,279,-2.64719,192
2019,Hartford,68.2329,231,67.1835,204,108.227,67,108.254,95,105.908,246,109.164,274,-0.909655,176
2019,Harvard,68.652,201,67.6841,173,102.341,193,104.846,160,99.928,97,99.5887,92,5.25706,114
2019,Hawaii,67.0827,280,66.4152,243,105.259,129,103.463,186,102.153,156,106.642,227,-3.17872,198
2019,High Point,64.7754,340,63.3755,337,100.506,237,98.2489,278,102.21,157,103.356,159,-5.1069,221
2019,Hofstra,68.2654,228,67.4167,190,118.887,2,116.199,17,104.223,204,108.803,267,7.39614,90
2019,Holy Cross,64.5518,344,63.0729,346,102.264,196,100.923,234,104.924,222,106.931,235,-6.00766,232
2019,Houston,67.8112,251,66.116,255,112.305,23,113.632,31,89.4818,5,91.2951,12,22.3371,14
2019,Houston Baptist,74.1587,16,73.5485,13,101.674,209,101.717,216,109.008,301,111.197,307,-9.48017,278
2019,Howard,73.0987,31,71.4083,33,102.872,183,100.456,245,106.627,264,113.778,339,-13.3216,311
2019,Idaho,66.3916,305,64.9156,314,96.9974,302,93.285,332,117.056,352,118.181,351,-24.8964,350
2019,Idaho St.,68.5804,207,66.5491,232,104.954,135,102.872,199,116.682,351,117.09,350,-14.2183,319
2019,Illinois,71.5983,65,71.2452,37,101.163,222,108.615,86,103.63,190,98.0435,68,10.5715,65
2019,Illinois Chicago,71.6853,62,70.3933,59,101.604,211,99.4356,266,103.083,176,103.2,152,-3.76436,207
2019,Illinois St.,67.4736,269,66.5679,230,100.432,239,101.482,220,103.298,183,104.534,183,-3.05225,197
2019,Incarnate Word,66.4618,301,64.5448,322,94.7412,320,95.684,309,115.499,350,118.687,352,-23.0028,346
2019,Indiana,68.2128,232,66.3975,244,101.035,225,107.16,113,97.4042,57,93.74,26,13.4198,49
2019,Indiana St.,69.2603,169,68.8498,116,98.903,271,101.173,226,103.694,193,104.829,187,-3.65676,206
2019,Iona,71.792,57,71.0588,43,106.832,92,105.232,151,106.616,263,110.463,296,-5.23159,224
2019,Iowa,70.531,97,69.5566,81,112.645,21,118.669,9,103.619,189,101.357,124,17.3122,32
2019,Iowa St.,68.9071,187,67.6112,178,113.728,15,118.306,10,97.3489,56,95.3192,33,22.9869,13
2019,IUPUI,70.7022,93,68.7343,122,106.569,100,104.595,164,104.41,212,106.548,224,-1.95274,186
2019,Jackson St.,68.2842,227,65.7466,281,89.4412,345,89.0968,347,99.1057,79,104.276,174,-15.1794,325
2019,Jacksonville,73.1969,27,71.5868,30,98.396,285,97.9197,282,103.031,174,105.4,206,-7.48056,250
2019,Jacksonville St.,70.4192,104,67.4295,187,104.42,142,103.178,197,94.8977,26,98.6083,76,4.56964,122
2019,James Madison,65.4835,329,65.0968,304,103.389,171,100.931,233,110.468,318,110.749,301,-9.81772,281
2019,Kansas,70.4533,101,69.6427,76,106.405,103,114.125,24,98.3222,67,92.4488,15,21.676,15
2019,Kansas St.,65.0996,335,63.2264,341,101.38,214,107.452,110,91.785,8,88.7068,6,18.7451,27
2019,Kennesaw St.,70.3529,109,68.0043,153,86.8507,349,90.477,342,108.983,300,110.468,297,-19.9906,342
2019,Kent St.,69.2028,175,67.325,195,107.294,81,108.991,75,105.706,238,106.632,226,2.35884,143
2019,Kentucky,68.4274,218,66.0296,261,113.714,16,117.981,12,94.0275,17,89.865,9,28.1164,6
2019,La Salle,69.906,138,69.182,100,99.0851,266,101.234,225,104.132,203,105.343,203,-4.10879,211
2019,Lafayette,70.0531,132,68.6853,124,102.504,189,101.447,222,111.044,326,112.396,326,-10.9488,291
2019,Lamar,70.1708,127,68.5769,131,103.813,161,102.416,209,102.922,171,106.644,228,-4.22782,212
2019,Lehigh,72.1139,49,71.3558,34,110.778,39,110.009,58,105.826,243,108.724,264,1.28549,152
2019,Liberty,65.4662,330,62.5848,348,111.614,30,110.334,55,95.5587,35,100.142,105,10.1923,67
2019,Lipscomb,75.0822,9,73.3149,14,109.738,43,109.25,73,93.9211,15,95.3302,34,13.9195,48
2019,Little Rock,72.7397,38,70.3458,60,101.426,213,100.846,235,103.641,191,104.699,185,-3.85304,208
2019,LIU Brooklyn,72.2159,47,71.3528,35,100.698,231,98.2662,277,101.643,144,106.901,234,-8.63494,266
2019,Long Beach St.,73.0028,32,71.6283,28,98.9479,270,100.681,237,105.984,248,105.913,217,-5.23203,225
2019,Longwood,68.2023,234,67.2291,201,100.616,234,97.1489,293,103.14,177,107.032,238,-9.88266,283
2019,Louisiana,74.4658,14,72.5379,17,106.619,98,106.646,126,107.426,273,107.398,241,-0.752034,174
2019,Louisiana Monroe,69.226,174,66.4533,242,110.798,38,111.837,39,107.702,278,109.826,287,2.01073,145
2019,Louisiana Tech,68.0828,239,65.8954,271,104.388,146,104.017,176,98.8471,75,101.07,118,2.94702,139
2019,Louisville,68.743,194,67.0493,213,107.048,86,112.407,34,97.1692,52,92.585,17,19.8219,23
2019,Loyola Chicago,63.6306,350,62.3697,349,102.75,187,103.331,191,96.6415,46,99.4741,89,3.85654,131
2019,Loyola Marymount,64.8889,338,63.1756,344,101.257,219,101.638,218,98.4498,69,98.7804,80,2.85761,140
2019,Loyola MD,70.3864,106,68.7913,120,102.429,190,100.974,232,109.568,307,110.54,299,-9.56543,279
2019,LSU,71.1196,80,69.9026,68,112.548,22,117.42,13,100.405,116,97.1898,58,20.2297,21
2019,Maine,64.6893,343,64.0839,330,92.3718,332,93.3908,330,108.503,289,109.621,282,-16.2298,332
2019,Manhattan,63.0513,351,62.1942,350,90.5418,340,88.7364,348,100.102,103,104.418,180,-15.6812,328
2019,Marist,65.6334,326,64.731,318,103.509,167,101.702,217,104.983,224,109.45,280,-7.74836,254
2019,Marquette,70.5205,98,68.8074,119,109.502,50,114.892,21,96.0366,38,95.5384,36,19.3539,25
2019,Marshall,76.2505,5,74.5147,6,103.302,175,106.755,121,107.571,275,108.772,266,-2.01674,189
2019,Maryland,66.6603,296,66.1474,254,107.848,73,113.823,29,97.6912,60,93.1585,22,20.6644,18
2019,Maryland Eastern Shore,65.023,336,62.6023,347,84.4744,353,84.5183,352,112.616,342,114.855,345,-30.3368,353
2019,Massachusetts,68.3776,221,67.1372,206,101.937,202,101.889,213,106.063,250,107.647,244,-5.75774,229
2019,McNeese St.,67.6318,258,66.4931,237,101.344,217,100.112,253,111.996,337,114.671,341,-14.559,323
2019,Memphis,76.1612,6,74.7946,4,107.032,88,109.873,60,99.9302,98,100.532,111,9.34101,70
2019,Mercer,68.4436,216,66.4891,238,104.355,147,104.143,174,106.272,258,105.681,213,-1.53843,182
2019,Miami FL,68.7699,191,66.7459,224,104.704,138,109.37,70,102.02,151,99.6655,96,9.70433,69
2019,Miami OH,67.4977,267,65.804,278,104.687,140,106.747,122,104.223,206,102.731,142,4.01634,128
2019,Michigan,65.7375,323,65.1562,302,107.687,76,113.991,28,88.4747,3,86.1895,3,27.8015,7
2019,Michigan St.,69.236,173,67.8855,160,114.621,12,120.649,5,93.9329,16,89.7547,8,30.8941,4
2019,Middle Tennessee,69.7106,146,68.065,151,94.3504,325,99.265,269,106.885,267,106.888,233,-7.62291,252
2019,Milwaukee,68.9184,186,66.1034,256,99.2526,260,97.8787,284,108.711,294,109.496,281,-11.617,300
2019,Minnesota,68.3931,220,67.6544,176,104.049,155,110.49,52,100.428,119,96.4092,48,14.0813,47
2019,Mississippi,69.6114,152,68.8426,118,108.85,58,112.021,38,100.427,117,96.9589,54,15.0625,43
2019,Mississippi St.,68.5104,211,67.223,203,112.295,24,116.954,15,100.345,113,96.5667,50,20.387,20
2019,Mississippi Valley St.,70.4207,103,69.2276,98,89.1992,346,89.5856,345,111.521,331,113.366,334,-23.7801,348
2019,Missouri,66.1424,314,64.6427,321,99.8577,246,105.6,144,102.744,167,98.3883,72,7.2122,95
2019,Missouri St.,66.5692,298,65.7936,280,102.354,192,102.975,198,101.267,138,103.207,154,-0.231851,169
2019,Monmouth,68.5989,206,67.311,197,91.6661,335,90.8737,340,101.62,143,102.828,144,-11.9548,303
2019,Montana,68.7156,195,67.0764,210,112.04,25,107.957,103,102.34,161,104.241,173,3.7159,135
2019,Montana St.,71.9295,54,70.4631,55,107.893,72,106.564,128,112.065,338,113.177,333,-6.61346,240
2019,Morehead St.,70.3006,115,67.3778,192,100.455,238,101.432,223,109.084,303,109.29,277,-7.85829,256
2019,Morgan St.,73.674,20,72.0984,22,95.6259,311,92.4868,335,103.294,182,108.6,257,-16.1137,330
2019,Mount St. Mary's,69.5777,155,67.2279,202,95.7078,310,93.593,326,108.123,285,109.189,276,-15.5959,327
2019,Murray St.,70.9793,85,68.9454,110,114.907,10,111.432,44,95.3956,32,98.9393,85,12.4922,53
2019,Navy,68.6536,200,67.283,199,96.3634,307,95.4325,311,105.96,247,106.861,232,-11.428,296
2019,Nebraska,67.3357,274,66.0307,260,104.988,134,111.678,41,98.8033,74,97.1452,57,14.5329,46
2019,Nebraska Omaha,70.3116,112,68.3604,140,111.789,27,110.752,49,110.008,313,110.518,298,0.233977,161
2019,Nevada,71.2214,78,69.2574,95,114.724,11,114.23,23,93.4388,12,94.0357,27,20.1939,22
2019,New Hampshire,66.31,309,65.4437,289,85.7245,350,83.9784,353,106.378,260,108.086,252,-24.1071,349
2019,New Mexico,74.1577,17,72.5343,18,101.133,223,103.313,192,104.969,223,105.302,201,-1.989,187
2019,New Mexico St.,67.845,247,65.8224,277,111.914,26,111.138,47,96.5544,44,98.9771,86,12.1606,54
2019,New Orleans,69.1542,179,68.2011,144,96.308,308,94.4462,320,99.3964,83,102.372,136,-7.92617,258
2019,Niagara,70.3454,110,69.5769,80,103.678,164,102.133,210,108.679,292,115.311,348,-13.1782,310
2019,Nicholls St.,70.0955,128,68.4213,136,99.7431,249,98.0536,280,108.714,295,111.402,310,-13.3487,312
2019,NJIT,69.2785,168,66.8271,220,101.356,216,101.033,229,98.3188,66,102.119,133,-1.08628,177
2019,Norfolk St.,70.6532,94,68.9448,111,100.116,244,98.9717,274,100.645,124,106.54,223,-7.56845,251
2019,North Alabama,70.2698,116,68.367,138,92.3706,333,94.6043,319,105.146,231,105.264,200,-10.6594,287
2019,North Carolina,76.3674,4,74.7349,5,113.637,17,119.96,7,95.8496,37,91.6197,13,28.3401,5
2019,North Carolina A&T,67.9854,240,65.8276,276,99.1241,265,95.235,313,103.878,199,108.691,262,-13.4556,313
2019,North Carolina Central,67.8443,248,66.0825,257,101.094,224,97.1583,291,101.399,141,108.666,261,-11.5074,298
2019,North Carolina St.,72.7125,39,71.6011,29,111.682,29,113.688,30,97.2334,54,97.2212,60,16.4671,36
2019,North Dakota,71.2401,76,69.784,70,99.2325,262,96.9694,295,105.774,241,105.184,198,-8.21469,262
2019,North Dakota St.,66.7614,291,65.2615,298,106.639,96,105.431,146,110.473,319,110.014,290,-4.58272,217
2019,North Florida,73.6932,19,72.0411,23,100.33,241,103.279,194,104.353,211,104.694,184,-1.41572,180
2019,North Texas,67.035,281,65.6481,283,100.584,235,100.318,246,93.7512,14,98.466,74,1.85207,150
2019,Northeastern,66.3731,307,66.4642,240,111.51,32,110.111,57,104.727,219,103.298,155,6.81296,100
2019,Northern Arizona,70.2366,118,68.6773,125,103.72,163,100.7,236,110.327,316,113.369,335,-12.6692,307
2019,Northern Colorado,68.3741,222,66.5669,231,107.479,78,103.825,178,101.792,148,104.28,176,-0.454659,170
2019,Northern Illinois,67.5973,260,65.8285,275,106.347,104,107.276,112,105.128,229,104.867,190,2.40933,142
2019,Northern Iowa,65.1978,333,64.4545,324,99.4701,254,102.527,205,102.052,153,103.103,147,-0.575871,172
2019,Northern Kentucky,68.7509,192,67.5239,181,111.369,33,109.253,72,100.206,109,102.867,145,6.38619,107
2019,Northwestern,66.9067,285,66.1678,253,97.4853,296,102.537,204,96.1203,39,93.6236,25,8.91339,76
2019,Northwestern St.,70.0236,134,68.9046,113,90.8572,338,90.6901,341,105.747,239,108.961,271,-18.2711,337
2019,Notre Dame,66.9737,283,65.4353,290,104.125,153,108.297,94,103.499,186,100.34,106,7.95704,88
2019,Oakland,69.7162,145,68.3608,139,109.682,44,107.96,102,111.71,334,110.58,300,-2.61984,191
2019,Ohio,71.3969,69,69.2695,94,95.2118,316,97.3346,289,104.347,210,101.441,125,-4.10682,210
2019,Ohio St.,66.9518,284,65.325,297,105.262,128,109.934,59,96.5849,45,92.6708,18,17.2637,33
2019,Oklahoma,69.6183,151,68.8432,117,100.968,226,108.784,80,97.5647,59,93.0394,20,15.7443,39
2019,Oklahoma St.,66.7843,290,65.516,288,100.285,242,108.508,89,107.282,271,102.27,135,6.23891,108
2019,Old Dominion,65.9728,321,64.3794,327,102.98,181,103.743,182,92.846,9,97.0309,56,6.71245,102
2019,Oral Roberts,68.6607,199,67.0211,214,103.169,176,102.695,202,113.5,343,113.029,330,-10.3338,286
2019,Oregon,66.2912,310,64.3809,325,105.749,118,106.95,116,97.4357,58,95.7832,40,11.1663,60
2019,Oregon St.,67.4852,268,66.0181,262,108.365,64,110.317,56,101.794,149,101.688,128,8.62985,79
2019,Pacific,66.1481,313,65.2233,300,98.3897,286,99.9286,257,105.861,245,104.743,186,-4.81406,219
2019,Penn,69.3126,165,67.7436,169,103.117,177,105.217,152,99.5203,88,101.876,131,3.34104,138
2019,Penn St.,68.3594,223,67.9631,156,101.737,206,109.65,61,100.207,110,94.7917,31,14.8587,44
2019,Pepperdine,70.9001,88,70.4113,58,105.469,124,105.778,141,105.009,225,105.391,205,0.38738,158
2019,Pittsburgh,69.6376,149,67.4781,183,101.468,212,104.491,168,97.9306,62,97.2147,59,7.27607,93
2019,Portland,68.2425,230,67.2994,198,92.5997,331,94.3206,322,108.267,286,108.765,265,-14.444,321
2019,Portland St.,70.3905,105,69.4905,86,103.483,168,100.633,241,108.694,293,111.925,319,-11.2925,294
2019,Prairie View A&M,72.6841,41,70.7108,50,99.063,267,99.0258,273,101.336,140,105.797,215,-6.77124,243
2019,Presbyterian,68.6371,203,67.4705,184,110.365,40,108.828,78,108.274,288,110.844,304,-2.01614,188
2019,Princeton,69.1675,176,67.0895,209,98.1008,291,99.3512,267,99.3937,82,99.1334,88,0.217839,162
2019,Providence,68.6464,202,67.4384,186,101.67,210,103.922,177,99.5198,87,95.9431,44,7.97865,87
2019,Purdue,66.4537,302,65.5782,285,113.803,14,120.606,6,100.175,106,95.1958,32,25.4101,10
2019,Purdue Fort Wayne,73.1456,29,71.5785,31,109.454,51,107.999,101,110.391,317,110.816,302,-2.81666,194
2019,Quinnipiac,67.5121,266,66.5055,236,105.987,111,103.196,196,103.692,192,108.359,254,-5.1627,222
2019,Radford,66.367,308,64.9828,311,108.635,61,108.641,84,103.285,181,103.498,162,5.14363,116
2019,Rhode Island,68.5103,212,67.8866,159,98.6595,280,101.153,227,98.1192,64,100.404,109,0.749098,155
2019,Rice,71.9023,55,70.2833,62,100.963,227,103.221,195,107.582,276,109.695,283,-6.474,237
2019,Richmond,66.7924,289,65.9338,266,105.857,115,106.508,129,106.099,252,109.774,286,-3.26567,202
2019,Rider,74.1686,15,73.9595,10,102.85,185,100.608,242,100.63,123,104.863,189,-4.25508,213
2019,Robert Morris,68.265,229,66.3921,245,97.1001,299,93.9789,325,100.335,112,103.204,153,-9.22495,274
2019,Rutgers,67.6964,253,67.2394,200,98.5586,282,104.729,162,99.7641,93,96.1622,46,8.56697,81
2019,Sacramento St.,69.1019,182,67.756,168,98.1684,289,94.9046,316,100.72,126,103.622,163,-8.71693,267
2019,Sacred Heart,73.4559,24,71.9431,24,106.98,90,104.479,170,106.398,261,110.439,295,-5.96022,231
2019,Saint Joseph's,68.1674,235,68.0609,152,102.222,198,104.84,161,105.643,237,107.178,239,-2.33771,190
2019,Saint Louis,67.5839,261,66.3719,246,98.7396,277,100.19,247,95.2779,30,96.4753,49,3.71518,136
2019,Saint Mary's,64.7767,339,63.2222,342,114.033,13,115.436,19,99.5248,89,98.7661,79,16.6698,34
2019,Saint Peter's,64.4089,345,63.1978,343,95.4689,314,94.0542,324,104.716,218,107.834,247,-13.7802,316
2019,Sam Houston St.,68.4025,219,66.9366,216,104.693,139,103.769,180,100.105,104,103.47,161,0.298673,159
2019,Samford,71.3856,70,69.3745,88,106.987,89,105.785,140,103.04,175,103.924,169,1.86191,149
2019,San Diego,67.8987,245,66.8533,218,103.994,158,106.169,134,100.949,129,99.6408,93,6.52835,105
2019,San Diego St.,68.4278,217,66.3145,248,104.768,137,104.915,157,101.14,137,101.071,119,3.84453,132
2019,San Francisco,67.8715,246,66.4586,241,111.344,34,111.431,45,98.2299,65,98.9379,84,12.4928,52
2019,San Jose St.,70.909,87,68.8853,114,90.6645,339,91.7097,336,112.487,340,111.419,311,-19.709,340
2019,Santa Clara,67.5664,263,66.785,221,99.7964,247,101.566,219,103.925,201,103.302,156,-1.73637,185
2019,Savannah St.,78.0062,3,75.4213,3,95.921,309,95.9916,305,111.212,329,115.237,347,-19.2458,339
2019,Seattle,69.2532,170,67.3464,194,102.866,184,100.165,250,99.0641,77,101.832,130,-1.6668,183
2019,Seton Hall,70.4289,102,69.5037,85,104.269,149,108.667,83,101.085,135,97.6257,65,11.0415,61
2019,Siena,60.9949,353,60.6922,352,102.766,186,100.493,244,104.739,220,108.351,253,-7.85784,255
2019,SIU Edwardsville,71.3035,74,69.5488,82,98.1078,290,96.3633,304,110.909,324,112.598,327,-16.2351,333
2019,SMU,66.0194,318,64.2621,329,109.248,52,111.356,46,105.462,235,106.463,221,4.89254,118
2019,South Alabama,68.6904,196,66.3335,247,102.225,197,101.147,228,105.036,226,106.934,236,-5.78713,230
2019,South Carolina,71.9749,53,71.1054,40,100.696,232,107.537,108,103.789,196,99.4906,91,8.0464,85
2019,South Carolina St.,68.6354,204,66.7495,223,96.9001,303,96.6453,299,111.13,327,115.758,349,-19.1125,338
2019,South Dakota,67.9701,241,66.8513,219,101.735,207,100.172,249,104.604,214,104.889,192,-4.71648,218
2019,South Dakota St.,72.9806,33,70.7998,48,116.434,7,112.419,33,100.965,130,104.4,179,8.01972,86
2019,South Florida,69.5076,156,67.3589,193,101.306,218,101.924,212,94.2793,20,95.9307,43,5.99347,109
2019,Southeast Missouri St.,70.0105,135,67.7277,170,98.8162,274,97.3187,290,108.273,287,109.949,289,-12.6302,306
2019,Southeastern Louisiana,67.6481,257,65.615,284,97.0775,300,97.3891,288,100.969,131,104.422,181,-7.0327,246
2019,Southern,68.1342,237,65.9907,264,93.719,327,93.1576,334,108.962,299,113.049,331,-19.8917,341
2019,Southern Illinois,66.6783,295,65.5567,287,102.984,180,104.533,167,101.084,134,102.714,140,1.81852,151
2019,Southern Miss,66.2666,311,64.8763,315,104.454,141,105.63,143,98.5024,71,100.886,116,4.74414,121
2019,Southern Utah,72.7581,36,70.8162,47,100.525,236,96.9592,296,104.071,202,106.779,231,-9.82007,282
2019,St. Bonaventure,65.9741,320,64.6818,319,100.173,243,101.026,231,95.2539,29,96.8381,51,4.18784,126
2019,St. Francis NY,69.7879,143,68.4768,133,99.0605,268,95.6457,310,101.11,136,104.278,175,-8.63253,265
2019,St. Francis PA,70.7077,92,68.6651,126,105.714,121,105.277,150,108.638,291,112.126,323,-6.84932,245
2019,St. John's,72.6391,42,70.969,46,106.501,102,109.623,62,100.202,108,98.8463,82,10.7772,63
2019,Stanford,71.6205,64,69.6414,77,101.965,201,105.171,153,100.608,122,98.5408,75,6.63049,104
2019,Stephen F. Austin,70.0588,131,69.5784,79,97.3189,297,94.3692,321,103.792,197,106.755,230,-12.3858,305
2019,Stetson,70.9212,86,68.6428,127,94.8245,318,97.1541,292,110.731,321,112.949,329,-15.7951,329
2019,Stony Brook,69.3479,161,69.0598,106,102.009,199,99.9485,256,94.4586,21,100.063,104,-0.114349,166
2019,Syracuse,67.5762,262,65.9285,267,103.957,160,109.496,65,95.6634,36,93.1853,23,16.3102,37
2019,TCU,70.2056,122,69.3509,90,105.972,112,110.376,54,99.0933,78,95.594,38,14.782,45
2019,Temple,70.1833,125,68.8641,115,105.011,133,108.098,98,100.046,102,98.9192,83,9.17874,72
2019,Tennessee,69.9805,136,67.8005,165,117.068,4,122.078,3,97.1919,53,95.5659,37,26.5121,8
2019,Tennessee Martin,70.0951,129,68.0992,149,104,157,103.351,190,114.332,344,114.831,344,-11.4796,297
2019,Tennessee St.,72.2871,46,69.0311,108,96.7268,306,98.0195,281,107.863,283,109.304,278,-11.2843,293
2019,Tennessee Tech,71.9777,52,68.331,141,89.8635,342,89.3085,346,107.124,269,105.506,210,-16.1975,331
2019,Texas,66.6436,297,65.0811,306,107.186,84,114.123,25,99.3889,81,95.3661,35,18.7564,26
2019,Texas A&M,70.2037,123,68.0006,154,101.704,208,106.991,115,102.617,164,98.6611,77,8.33034,83
2019,Texas A&M Corpus Chris,66.856,287,65.4243,292,95.0967,317,95.8435,307,100.969,132,104.979,194,-9.13521,272
2019,Texas Southern,75.7776,8,74.2846,8,103.673,165,104.911,158,103.842,198,107.954,250,-3.04351,196
2019,Texas St.,67.8382,249,64.757,317,104.244,151,102.447,207,94.5179,23,96.0535,45,6.39329,106
2019,Texas Tech,67.6812,255,66.5686,229,107.398,79,111.103,48,85.5572,1,85.089,1,26.0136,9
2019,The Citadel,74.7221,12,73.9497,11,105.726,120,107.133,114,115.403,349,113.632,338,-6.49837,238
2019,Toledo,70.2251,120,68.1255,146,108.858,57,108.879,76,96.6471,47,96.8832,52,11.9958,58
2019,Towson,64.0295,348,63.4304,335,101.739,205,99.5605,262,108.903,297,108.614,260,-9.0531,269
2019,Troy,69.4855,157,67.0566,212,102.305,194,102.806,201,109.606,308,110.816,303,-8.01018,260
2019,Tulane,71.5569,66,69.6748,74,92.7256,330,94.9099,315,107.827,281,107.002,237,-12.0918,304
2019,Tulsa,69.6405,148,69.0044,109,101.82,204,104.54,166,100.771,127,100.383,108,4.15719,127
2019,UAB,66.7402,293,65.1279,303,104.152,152,105.087,154,101.733,147,104.839,188,0.247317,160
2019,UC Davis,66.466,300,65.6821,282,94.429,322,96.4077,303,102.28,158,103.114,148,-6.70646,242
2019,UC Irvine,66.0629,316,65.0378,308,104.882,136,104.28,173,95.103,28,96.9546,53,7.32566,91
2019,UC Riverside,64.4054,346,63.4568,334,99.4291,255,98.8972,275,110.749,322,113.455,337,-14.5574,322
2019,UC Santa Barbara,65.119,334,64.3513,328,108.561,62,105.826,138,102.115,154,105.791,214,0.0352291,164
2019,UCF,67.3852,273,65.0075,310,108.99,54,111.472,43,94.75,24,96.1662,47,15.3061,42
2019,UCLA,73.5755,22,72.3527,19,105.801,116,108.322,93,103.393,184,101.158,121,7.16393,98
2019,UMass Lowell,71.4568,68,70.2891,61,105.734,119,104.484,169,106.342,259,111.729,317,-7.24541,247
2019,UMBC,65.3106,331,65.0112,309,97.6036,295,96.7645,297,97.3258,55,101.595,127,-4.83059,220
2019,UMKC,68.2073,233,66.4823,239,99.404,257,100.634,240,107.783,280,106.685,229,-6.05166,233
2019,UNC Asheville,63.8572,349,61.6232,351,89.5359,344,91.3396,338,115.075,347,114.781,343,-23.4412,347
2019,UNC Greensboro,69.2933,166,67.6965,172,107.034,87,106.436,130,100.041,101,99.7468,98,6.68889,103
2019,UNC Wilmington,69.7985,141,69.1817,101,106.826,93,105.514,145,115.244,348,114.757,342,-9.24356,275
2019,UNLV,69.4318,158,67.9788,155,106.214,107,106.432,131,104.287,207,106.605,225,-0.172641,168
2019,USC,71.3429,72,69.5909,78,105.912,113,108.15,97,100.127,105,100.356,107,7.79443,89
2019,USC Upstate,69.5904,154,68.1483,145,94.3593,324,93.2004,333,109.172,304,110.958,305,-17.7572,335
2019,UT Arlington,68.4715,214,66.0731,258,97.2201,298,99.8944,258,100.378,114,99.7415,97,0.152974,163
2019,UT Rio Grande Valley,71.4944,67,70.5839,52,95.5287,313,97.4372,287,96.2976,42,98.2378,70,-0.800598,175
2019,Utah,67.9021,244,66.6792,227,110.926,36,114.046,27,109.694,310,108.611,258,5.43522,112
2019,Utah St.,69.7211,144,67.6458,177,111.613,31,111.535,42,94.071,18,95.6427,39,15.8926,38
2019,Utah Valley,70.363,107,68.785,121,109.565,47,109.418,67,101.691,146,102.128,134,7.29043,92
2019,UTEP,70.3083,113,68.473,134,90.3167,341,90.9118,339,99.3357,80,100.589,112,-9.67749,280
2019,UTSA,73.598,21,72.3242,21,103.343,172,105.87,137,100.428,118,103.155,149,2.71511,141
2019,Valparaiso,65.2493,332,65.0934,305,96.7735,305,97.6237,286,101.322,139,103.082,146,-5.45797,228
2019,Vanderbilt,69.607,153,67.8661,163,99.5219,252,103.364,189,103.233,180,99.6446,94,3.71972,134
2019,VCU,69.1624,177,68.3849,137,102.399,191,104.045,175,88.4806,4,88.5415,4,15.5039,41
2019,Vermont,66.4819,299,65.9182,268,108.687,60,108.328,92,96.2884,41,99.9957,103,8.33264,82
2019,Villanova,65.6724,325,63.3544,338,112.795,19,116.572,16,101.683,145,98.3368,71,18.2348,29
2019,Virginia,61.2844,352,59.2368,353,116.583,6,121.594,4,88.4308,2,85.7816,2,35.8125,1
2019,Virginia Tech,64.7031,342,63.7061,331,114.916,9,118.809,8,95.0338,27,94.2327,29,24.5761,11
2019,VMI,72.7416,37,71.7402,25,99.1242,264,101.032,230,114.834,345,111.965,321,-10.9329,290
2019,Wagner,66.0027,319,63.697,332,97.0036,301,94.2583,323,102.849,170,105.526,211,-11.2674,292
2019,Wake Forest,68.5994,205,67.3227,196,99.688,250,104.899,159,109.613,309,106.189,220,-1.29019,178
2019,Washington,67.5219,264,65.9166,269,105.438,125,108.059,99,94.8799,25,92.5439,16,15.5155,40
2019,Washington St.,71.6915,61,70.2724,64,106.283,105,107.276,111,110.196,315,110.226,293,-2.94978,195
2019,Weber St.,72.9602,34,71.0626,42,105.157,131,102.569,203,103.01,172,105.802,216,-3.23305,201
2019,West Virginia,71.0048,84,69.7601,71,99.509,253,106.59,127,105.386,234,101.705,129,4.8855,119
2019,Western Carolina,71.1135,81,69.5485,83,98.3077,288,100.637,239,111.874,336,109.771,285,-9.13434,271
2019,Western Illinois,69.1033,181,67.3914,191,99.9773,245,95.9426,306,106.706,265,107.736,245,-11.7937,301
2019,Western Kentucky,69.242,172,67.7644,167,102.291,195,104.292,172,99.7645,94,99.8357,100,4.45678,124
2019,Western Michigan,69.9203,137,69.1757,102,98.3176,287,100.116,252,108.729,296,107.791,246,-7.67499,253
2019,Wichita St.,69.3131,164,67.7085,171,100.849,228,105.351,147,100.894,128,99.4814,90,5.86956,110
2019,William & Mary,68.8637,189,68.6886,123,104.411,144,102.836,200,108.923,298,107.273,240,-4.43745,214
2019,Winthrop,73.2894,26,72.8823,15,108.35,65,106.836,118,105.854,244,107.435,242,-0.599326,173
2019,Wisconsin,64.7701,341,63.2815,340,105.866,114,112.261,37,93.5696,13,88.7223,7,23.5383,12
2019,Wofford,67.7223,252,65.2579,299,118.01,3,118.122,11,98.5345,72,98.6892,78,19.4328,24
2019,Wright St.,67.6669,256,65.4168,293,108.939,56,106.759,120,102.76,169,102.462,137,4.29714,125
2019,Wyoming,69.7957,142,68.0921,150,91.6289,336,93.3393,331,107.728,279,107.509,243,-14.17,318
2019,Xavier,67.1315,278,65.0742,307,106.701,95,110.69,50,105.111,228,101.35,123,9.34016,71
2019,Yale,73.1878,28,71.1424,39,108.426,63,108.849,77,98.3833,68,99.8356,99,9.01305,75
2019,Youngstown St.,69.1582,178,66.8652,217,103.328,173,103.749,181,111.382,330,111.691,315,-7.94145,259
